-- MySQL dump 10.13  Distrib 8.0.44, for Win64 (x86_64)
--
-- Host: localhost    Database: study_room_reservation
-- ------------------------------------------------------
-- Server version	8.0.44

/*!40101 SET @OLD_CHARACTER_SET_CLIENT=@@CHARACTER_SET_CLIENT */;
/*!40101 SET @OLD_CHARACTER_SET_RESULTS=@@CHARACTER_SET_RESULTS */;
/*!40101 SET @OLD_COLLATION_CONNECTION=@@COLLATION_CONNECTION */;
/*!50503 SET NAMES utf8mb4 */;
/*!40103 SET @OLD_TIME_ZONE=@@TIME_ZONE */;
/*!40103 SET TIME_ZONE='+00:00' */;
/*!40014 SET @OLD_UNIQUE_CHECKS=@@UNIQUE_CHECKS, UNIQUE_CHECKS=0 */;
/*!40014 SET @OLD_FOREIGN_KEY_CHECKS=@@FOREIGN_KEY_CHECKS, FOREIGN_KEY_CHECKS=0 */;
/*!40101 SET @OLD_SQL_MODE=@@SQL_MODE, SQL_MODE='NO_AUTO_VALUE_ON_ZERO' */;
/*!40111 SET @OLD_SQL_NOTES=@@SQL_NOTES, SQL_NOTES=0 */;

--
-- Dumping data for table `admin_account`
--

LOCK TABLES `admin_account` WRITE;
/*!40000 ALTER TABLE `admin_account` DISABLE KEYS */;
INSERT INTO `admin_account` (`id`, `account`, `password_hash`, `name`, `role`, `phone`, `status`, `created_at`, `updated_at`) VALUES (1,'admin','$2a$10$uENcYojG2d.Xu8N3d/eRBegYcmiVo44HaItQavw31c3Jd3kDs6h/S','张老师','ADMIN','13800138000','NORMAL','2026-05-25 23:40:40','2026-05-26 20:10:49'),(2,'superadmin','$2a$10$MTJ3SrVOWpKKylvd4UCzRO22wnTeqqNh4HVgsRpGXoYNQPi6bevyu','超级管理员','SUPER_ADMIN','13900139000','NORMAL','2026-05-25 23:40:40','2026-05-26 20:10:49');
/*!40000 ALTER TABLE `admin_account` ENABLE KEYS */;
UNLOCK TABLES;

--
-- Dumping data for table `announcement`
--

LOCK TABLES `announcement` WRITE;
/*!40000 ALTER TABLE `announcement` DISABLE KEYS */;
INSERT INTO `announcement` (`id`, `title`, `content`, `type`, `pinned`, `scope`, `room_id`, `publisher_id`, `status`, `published_at`, `view_count`, `created_at`, `updated_at`) VALUES (1,'期末周开放时间延长','图书馆自习室期末周开放至 22:30，请同学们按预约时段使用。','SYSTEM',1,'GLOBAL',NULL,1,'PUBLISHED','2026-05-24 23:40:40',1,'2026-05-24 23:40:40','2026-05-26 17:58:41'),(2,'签到规则提醒','预约开始前后 15 分钟内可由管理员扫码签到，超时未签到将扣除信用积分。','RULE',0,'GLOBAL',NULL,1,'PUBLISHED','2026-05-25 18:40:40',1,'2026-05-25 18:40:40','2026-05-25 23:40:40');
/*!40000 ALTER TABLE `announcement` ENABLE KEYS */;
UNLOCK TABLES;

--
-- Dumping data for table `blacklist_record`
--

LOCK TABLES `blacklist_record` WRITE;
/*!40000 ALTER TABLE `blacklist_record` DISABLE KEYS */;
/*!40000 ALTER TABLE `blacklist_record` ENABLE KEYS */;
UNLOCK TABLES;

--
-- Dumping data for table `checkin_record`
--

LOCK TABLES `checkin_record` WRITE;
/*!40000 ALTER TABLE `checkin_record` DISABLE KEYS */;
INSERT INTO `checkin_record` (`id`, `reservation_id`, `user_id`, `admin_id`, `checkin_method`, `checkin_time`, `checkout_time`, `result`, `remark`) VALUES (1,5,1,1,'QR_SCAN','2026-05-26 19:00:09','2026-05-26 19:04:10','ON_TIME',NULL),(2,6,1,1,'QR_SCAN','2026-05-26 19:04:26','2026-05-26 11:00:00','ON_TIME',NULL),(3,8,1,1,'QR_SCAN','2026-05-26 19:14:04','2026-05-26 19:21:27','ON_TIME',NULL),(4,10,1,1,'QR_SCAN','2026-05-26 19:22:48','2026-05-26 19:22:56','ON_TIME',NULL),(5,11,1,1,'QR_SCAN','2026-05-26 19:24:50','2026-05-26 19:24:58','ON_TIME',NULL),(6,12,1,1,'QR_SCAN','2026-05-26 20:24:07','2026-05-26 20:29:38','ON_TIME',NULL);
/*!40000 ALTER TABLE `checkin_record` ENABLE KEYS */;
UNLOCK TABLES;

--
-- Dumping data for table `credit_log`
--

LOCK TABLES `credit_log` WRITE;
/*!40000 ALTER TABLE `credit_log` DISABLE KEYS */;
INSERT INTO `credit_log` (`id`, `user_id`, `before_score`, `change_value`, `after_score`, `change_type`, `reason`, `reservation_id`, `created_at`) VALUES (1,1,300,-20,280,'NO_CHECKIN','历史未按时签到扣分',NULL,'2026-05-22 23:40:40'),(2,1,280,-50,230,'NO_SHOW','预约超时未签到',1,'2026-05-25 23:41:00'),(3,1,230,-50,180,'NO_SHOW','预约超时未签到',3,'2026-05-26 12:23:00'),(4,1,280,5,285,'ON_TIME_CHECKIN','准时签到奖励',5,'2026-05-26 19:00:09'),(5,1,285,5,290,'ON_TIME_CHECKIN','准时签到奖励',6,'2026-05-26 19:04:26'),(6,1,280,5,285,'ON_TIME_CHECKIN','准时签到奖励',8,'2026-05-26 19:14:04'),(7,1,280,5,285,'ON_TIME_CHECKIN','准时签到奖励',10,'2026-05-26 19:22:48'),(8,1,280,5,285,'ON_TIME_CHECKIN','准时签到奖励',11,'2026-05-26 19:24:50'),(9,1,280,5,285,'ON_TIME_CHECKIN','准时签到奖励',12,'2026-05-26 20:24:07');
/*!40000 ALTER TABLE `credit_log` ENABLE KEYS */;
UNLOCK TABLES;

--
-- Dumping data for table `feedback_ticket`
--

LOCK TABLES `feedback_ticket` WRITE;
/*!40000 ALTER TABLE `feedback_ticket` DISABLE KEYS */;
INSERT INTO `feedback_ticket` (`id`, `user_id`, `reservation_id`, `room_id`, `seat_id`, `type`, `severity`, `content`, `status`, `handler_id`, `handle_result`, `created_at`, `handled_at`) VALUES (1,1,NULL,1,12,'SEAT_REPAIR','MEDIUM','A-12 插座接触不良，请安排维修。','DONE',1,'已处理并记录','2026-05-25 21:40:40','2026-05-26 18:00:16'),(2,1,NULL,1,NULL,'SUGGESTION','MEDIUM','不好用','DONE',1,'确实不好用','2026-05-26 18:12:20','2026-05-26 18:24:50');
/*!40000 ALTER TABLE `feedback_ticket` ENABLE KEYS */;
UNLOCK TABLES;

--
-- Dumping data for table `notification_message`
--

LOCK TABLES `notification_message` WRITE;
/*!40000 ALTER TABLE `notification_message` DISABLE KEYS */;
INSERT INTO `notification_message` (`id`, `user_id`, `title`, `content`, `type`, `read_flag`, `related_id`, `created_at`, `read_at`) VALUES (1,1,'预约即将开始','你的图书馆一楼A区 A-12 座位预约请按时签到。','RESERVATION',0,1,'2026-05-25 23:25:40',NULL),(2,1,'预约违约','你有一条预约因超时未签到被判定违约，已扣除 50 信用分。','VIOLATION',0,1,'2026-05-25 23:41:00',NULL),(3,1,'预约成功','你的座位预约已创建，请按时签到。','RESERVATION',0,3,'2026-05-26 00:35:07',NULL),(4,1,'预约违约','你有一条预约因超时未签到被判定违约，已扣除 50 信用分。','VIOLATION',0,3,'2026-05-26 12:23:00',NULL),(5,1,'预约成功','你的座位预约已创建，请按时签到。','RESERVATION',1,4,'2026-05-26 12:23:42','2026-05-26 16:20:27'),(6,1,'反馈已处理','你提交的问题反馈已由管理员处理：确实不好用','FEEDBACK',1,2,'2026-05-26 18:24:50','2026-05-26 18:32:02'),(7,1,'预约成功','你的座位预约已创建，请按时签到。','RESERVATION',0,5,'2026-05-26 18:32:24',NULL),(8,1,'预约成功','你的座位预约已创建，请按时签到。','RESERVATION',0,6,'2026-05-26 19:04:16',NULL),(9,1,'预约成功','你的座位预约已创建，请按时签到。','RESERVATION',0,7,'2026-05-26 19:07:44',NULL),(10,1,'预约成功','你的座位预约已创建，请按时签到。','RESERVATION',0,8,'2026-05-26 19:13:43',NULL),(11,1,'暂离开始','你已暂离座位，请在 30 分钟内返回，超时将自动签退并扣分。','TEMP_LEAVE',0,8,'2026-05-26 19:14:39',NULL),(12,1,'暂离结束','你已返回座位，请继续学习并在结束时签退。','TEMP_LEAVE',0,8,'2026-05-26 19:14:41',NULL),(13,1,'预约成功','你的座位预约已创建，请按时签到。','RESERVATION',0,9,'2026-05-26 19:21:37',NULL),(14,1,'预约成功','你的座位预约已创建，请按时签到。','RESERVATION',0,10,'2026-05-26 19:22:41',NULL),(15,1,'预约成功','你的座位预约已创建，请按时签到。','RESERVATION',0,11,'2026-05-26 19:24:46',NULL),(16,1,'预约成功','你的座位预约已创建，请按时签到。','RESERVATION',0,12,'2026-05-26 20:23:02',NULL);
/*!40000 ALTER TABLE `notification_message` ENABLE KEYS */;
UNLOCK TABLES;

--
-- Dumping data for table `operation_log`
--

LOCK TABLES `operation_log` WRITE;
/*!40000 ALTER TABLE `operation_log` DISABLE KEYS */;
INSERT INTO `operation_log` (`id`, `operator_id`, `operator_name`, `module`, `action`, `target_type`, `target_id`, `detail`, `created_at`) VALUES (1,1,'张三','AUTH','CHANGE_PASSWORD','STUDENT',1,'修改登录密码','2026-05-26 17:51:57'),(2,1,'张三','AUTH','CHANGE_PASSWORD','STUDENT',1,'修改登录密码','2026-05-26 17:52:19'),(3,1,'张老师','USER','APPROVE','STUDENT',1,'','2026-05-26 17:53:06'),(4,1,'张老师','USER','REJECT','STUDENT',1,'1','2026-05-26 17:53:12'),(5,1,'张老师','USER','REJECT','STUDENT',1,'1','2026-05-26 17:53:29'),(6,1,'张老师','ROOM','UPDATE','STUDY_ROOM',1,'图书馆一楼A区','2026-05-26 17:56:03'),(7,1,'张三','AUTH','CHANGE_PASSWORD','STUDENT',1,'修改登录密码','2026-05-26 18:11:32'),(8,1,'张老师','FEEDBACK','HANDLE','FEEDBACK',2,'确实不好用','2026-05-26 18:24:50'),(9,1,'张老师','USER','APPROVE','STUDENT',3,'','2026-05-26 18:25:10'),(10,1,'张老师','ROOM','CREATE','STUDY_ROOM',4,'1','2026-05-26 18:27:35'),(11,1,'张老师','ROOM','UPDATE','STUDY_ROOM',4,'1','2026-05-26 18:27:43'),(12,1,'张老师','ROOM','UPDATE','STUDY_ROOM',2,'图书馆二楼B区','2026-05-26 18:27:54'),(13,1,'张老师','ROOM','UPDATE','STUDY_ROOM',1,'图书馆一楼A区','2026-05-26 18:31:21'),(14,1,'张老师','USER','REJECT','STUDENT',4,'测试','2026-05-26 18:34:54');
/*!40000 ALTER TABLE `operation_log` ENABLE KEYS */;
UNLOCK TABLES;

--
-- Dumping data for table `reservation`
--

LOCK TABLES `reservation` WRITE;
/*!40000 ALTER TABLE `reservation` DISABLE KEYS */;
INSERT INTO `reservation` (`id`, `reservation_no`, `user_id`, `room_id`, `seat_id`, `reserve_date`, `start_time`, `end_time`, `status`, `sign_in_time`, `sign_out_time`, `actual_minutes`, `cancel_reason`, `created_at`, `updated_at`) VALUES (1,'R202605250001',1,1,12,'2026-05-25','09:00:00','11:00:00','VIOLATED',NULL,NULL,0,'超时未签到','2026-05-25 22:40:40','2026-05-25 23:41:00'),(2,'R202605240002',1,2,27,'2026-05-24','14:00:00','16:00:00','COMPLETED','2026-05-24 14:40:40','2026-05-24 16:40:40',120,NULL,'2026-05-23 23:40:40','2026-05-24 23:40:40'),(3,'R20260526003507001',1,1,13,'2026-05-26','09:00:00','11:00:00','VIOLATED',NULL,NULL,0,'超时未签到','2026-05-26 00:35:07','2026-05-26 12:23:00'),(4,'R20260526122341001',1,1,14,'2026-05-26','08:00:00','10:00:00','CANCELLED',NULL,NULL,0,'学生主动取消','2026-05-26 12:23:42','2026-05-26 12:23:57'),(5,'R20260526183223001',1,1,13,'2026-05-26','19:00:00','21:00:00','COMPLETED','2026-05-26 19:00:09','2026-05-26 19:04:10',4,NULL,'2026-05-26 18:32:24','2026-05-26 19:04:10'),(6,'R20260526190416001',1,1,13,'2026-05-26','09:00:00','11:00:00','AUTO_CHECKOUT','2026-05-26 19:04:26','2026-05-26 11:00:00',0,NULL,'2026-05-26 19:04:16','2026-05-26 19:05:00'),(7,'R20260526190744001',1,1,14,'2026-05-26','09:00:00','11:00:00','VIOLATED',NULL,NULL,0,'超时未签到','2026-05-26 19:07:44','2026-05-26 19:08:00'),(8,'R20260526191343001',1,1,13,'2026-05-26','19:00:00','21:00:00','COMPLETED','2026-05-26 19:14:04','2026-05-26 19:21:27',7,NULL,'2026-05-26 19:13:43','2026-05-26 19:21:27'),(9,'R20260526192136001',1,1,13,'2026-05-26','19:00:00','21:00:00','CANCELLED',NULL,NULL,0,'学生主动取消','2026-05-26 19:21:37','2026-05-26 19:21:48'),(10,'R20260526192240001',1,1,13,'2026-05-26','19:20:00','21:00:00','COMPLETED','2026-05-26 19:22:48','2026-05-26 19:22:56',0,NULL,'2026-05-26 19:22:41','2026-05-26 19:22:56'),(11,'R20260526192445001',1,1,13,'2026-05-26','19:20:00','21:00:00','COMPLETED','2026-05-26 19:24:50','2026-05-26 19:24:58',0,NULL,'2026-05-26 19:24:46','2026-05-26 19:24:58'),(12,'R20260526202301001',1,1,13,'2026-05-26','20:20:00','21:00:00','COMPLETED','2026-05-26 20:24:07','2026-05-26 20:29:38',5,NULL,'2026-05-26 20:23:02','2026-05-26 20:29:38');
/*!40000 ALTER TABLE `reservation` ENABLE KEYS */;
UNLOCK TABLES;

--
-- Dumping data for table `reservation_slot`
--

LOCK TABLES `reservation_slot` WRITE;
/*!40000 ALTER TABLE `reservation_slot` DISABLE KEYS */;
INSERT INTO `reservation_slot` (`id`, `reservation_id`, `seat_id`, `slot_start`, `slot_end`, `status`) VALUES (37,6,13,'2026-05-26 09:00:00','2026-05-26 09:10:00','ACTIVE'),(38,6,13,'2026-05-26 09:10:00','2026-05-26 09:20:00','ACTIVE'),(39,6,13,'2026-05-26 09:20:00','2026-05-26 09:30:00','ACTIVE'),(40,6,13,'2026-05-26 09:30:00','2026-05-26 09:40:00','ACTIVE'),(41,6,13,'2026-05-26 09:40:00','2026-05-26 09:50:00','ACTIVE'),(42,6,13,'2026-05-26 09:50:00','2026-05-26 10:00:00','ACTIVE'),(43,6,13,'2026-05-26 10:00:00','2026-05-26 10:10:00','ACTIVE'),(44,6,13,'2026-05-26 10:10:00','2026-05-26 10:20:00','ACTIVE'),(45,6,13,'2026-05-26 10:20:00','2026-05-26 10:30:00','ACTIVE'),(46,6,13,'2026-05-26 10:30:00','2026-05-26 10:40:00','ACTIVE'),(47,6,13,'2026-05-26 10:40:00','2026-05-26 10:50:00','ACTIVE'),(48,6,13,'2026-05-26 10:50:00','2026-05-26 11:00:00','ACTIVE'),(49,7,14,'2026-05-26 09:00:00','2026-05-26 09:10:00','ACTIVE'),(50,7,14,'2026-05-26 09:10:00','2026-05-26 09:20:00','ACTIVE'),(51,7,14,'2026-05-26 09:20:00','2026-05-26 09:30:00','ACTIVE'),(52,7,14,'2026-05-26 09:30:00','2026-05-26 09:40:00','ACTIVE'),(53,7,14,'2026-05-26 09:40:00','2026-05-26 09:50:00','ACTIVE'),(54,7,14,'2026-05-26 09:50:00','2026-05-26 10:00:00','ACTIVE'),(55,7,14,'2026-05-26 10:00:00','2026-05-26 10:10:00','ACTIVE'),(56,7,14,'2026-05-26 10:10:00','2026-05-26 10:20:00','ACTIVE'),(57,7,14,'2026-05-26 10:20:00','2026-05-26 10:30:00','ACTIVE'),(58,7,14,'2026-05-26 10:30:00','2026-05-26 10:40:00','ACTIVE'),(59,7,14,'2026-05-26 10:40:00','2026-05-26 10:50:00','ACTIVE'),(60,7,14,'2026-05-26 10:50:00','2026-05-26 11:00:00','ACTIVE');
/*!40000 ALTER TABLE `reservation_slot` ENABLE KEYS */;
UNLOCK TABLES;

--
-- Dumping data for table `seat`
--

LOCK TABLES `seat` WRITE;
/*!40000 ALTER TABLE `seat` DISABLE KEYS */;
INSERT INTO `seat` (`id`, `room_id`, `seat_no`, `row_no`, `col_no`, `is_seat`, `cell_category`, `seat_type`, `has_power`, `near_window`, `quiet_zone`, `hot_seat`, `status`, `created_at`, `updated_at`) VALUES (1,1,'A-01',1,1,1,'SEAT','普通座位',0,1,1,0,'NORMAL','2026-05-25 23:40:41','2026-05-25 23:40:41'),(2,1,'A-02',1,2,1,'SEAT','普通座位',1,0,1,0,'NORMAL','2026-05-25 23:40:41','2026-05-25 23:40:41'),(3,1,'A-03',1,3,1,'SEAT','普通座位',0,0,1,1,'NORMAL','2026-05-25 23:40:41','2026-05-25 23:40:41'),(4,1,'A-04',1,4,1,'SEAT','普通座位',1,0,1,0,'NORMAL','2026-05-25 23:40:41','2026-05-25 23:40:41'),(5,1,'A-05',1,5,1,'SEAT','普通座位',0,0,1,0,'NORMAL','2026-05-25 23:40:41','2026-05-25 23:40:41'),(6,1,'A-06',1,6,1,'SEAT','普通座位',1,1,1,0,'NORMAL','2026-05-25 23:40:41','2026-05-25 23:40:41'),(7,1,'A-07',2,1,1,'SEAT','普通座位',0,1,1,0,'NORMAL','2026-05-25 23:40:41','2026-05-26 17:56:20'),(8,1,'A-08',2,2,1,'SEAT','普通座位',1,0,1,0,'NORMAL','2026-05-25 23:40:41','2026-05-25 23:40:41'),(9,1,'A-09',2,3,1,'SEAT','普通座位',0,0,1,1,'NORMAL','2026-05-25 23:40:41','2026-05-25 23:40:41'),(10,1,'A-10',2,4,1,'SEAT','普通座位',1,0,1,0,'NORMAL','2026-05-25 23:40:41','2026-05-25 23:40:41'),(11,1,'A-11',2,5,1,'SEAT','普通座位',0,0,1,0,'NORMAL','2026-05-25 23:40:41','2026-05-25 23:40:41'),(12,1,'A-12',2,6,1,'SEAT','普通座位',1,1,1,0,'NORMAL','2026-05-25 23:40:41','2026-05-25 23:40:41'),(13,1,'A-13',3,1,1,'SEAT','普通座位',0,1,0,0,'NORMAL','2026-05-25 23:40:41','2026-05-26 17:56:35'),(14,1,'A-14',3,2,1,'SEAT','普通座位',1,0,0,0,'NORMAL','2026-05-25 23:40:41','2026-05-25 23:40:41'),(15,1,'A-15',3,3,1,'SEAT','普通座位',0,0,0,1,'NORMAL','2026-05-25 23:40:41','2026-05-25 23:40:41'),(16,1,'A-16',3,4,1,'SEAT','普通座位',1,0,0,0,'NORMAL','2026-05-25 23:40:41','2026-05-25 23:40:41'),(17,1,'A-17',3,5,1,'SEAT','普通座位',0,0,0,0,'NORMAL','2026-05-25 23:40:41','2026-05-25 23:40:41'),(18,1,'A-18',3,6,1,'SEAT','普通座位',1,1,0,0,'NORMAL','2026-05-25 23:40:41','2026-05-25 23:40:41'),(19,1,'A-19',4,1,1,'SEAT','普通座位',0,1,0,0,'NORMAL','2026-05-25 23:40:41','2026-05-25 23:40:41'),(20,1,'A-20',4,2,0,'NON_SEAT','过道',1,0,0,0,'DISABLED','2026-05-25 23:40:41','2026-05-25 23:40:41'),(21,1,'A-21',4,3,1,'SEAT','普通座位',0,0,0,1,'NORMAL','2026-05-25 23:40:41','2026-05-25 23:40:41'),(22,1,'A-22',4,4,1,'SEAT','普通座位',1,0,0,0,'NORMAL','2026-05-25 23:40:41','2026-05-25 23:40:41'),(23,1,'A-23',4,5,0,'NON_SEAT','过道',0,0,0,0,'DISABLED','2026-05-25 23:40:41','2026-05-25 23:40:41'),(24,1,'A-24',4,6,1,'SEAT','普通座位',1,1,0,0,'NORMAL','2026-05-25 23:40:41','2026-05-25 23:40:41'),(25,2,'B-01',1,1,1,'SEAT','普通座位',0,1,1,0,'NORMAL','2026-05-25 23:40:41','2026-05-25 23:40:41'),(26,2,'B-02',1,2,1,'SEAT','普通座位',1,0,1,0,'NORMAL','2026-05-25 23:40:41','2026-05-25 23:40:41'),(27,2,'B-03',1,3,1,'SEAT','普通座位',0,0,1,1,'NORMAL','2026-05-25 23:40:41','2026-05-25 23:40:41'),(28,2,'B-04',1,4,1,'SEAT','普通座位',1,0,1,0,'NORMAL','2026-05-25 23:40:41','2026-05-25 23:40:41'),(29,2,'B-05',1,5,1,'SEAT','普通座位',0,0,1,0,'NORMAL','2026-05-25 23:40:41','2026-05-25 23:40:41'),(30,2,'B-06',1,6,1,'SEAT','普通座位',1,1,1,0,'NORMAL','2026-05-25 23:40:41','2026-05-25 23:40:41'),(31,2,'B-07',2,1,1,'SEAT','普通座位',0,1,1,0,'NORMAL','2026-05-25 23:40:41','2026-05-25 23:40:41'),(32,2,'B-08',2,2,1,'SEAT','普通座位',1,0,1,0,'NORMAL','2026-05-25 23:40:41','2026-05-25 23:40:41'),(33,2,'B-09',2,3,1,'SEAT','普通座位',0,0,1,1,'NORMAL','2026-05-25 23:40:41','2026-05-25 23:40:41'),(34,2,'B-10',2,4,1,'SEAT','普通座位',1,0,1,0,'NORMAL','2026-05-25 23:40:41','2026-05-25 23:40:41'),(35,2,'B-11',2,5,1,'SEAT','普通座位',0,0,1,0,'NORMAL','2026-05-25 23:40:41','2026-05-25 23:40:41'),(36,2,'B-12',2,6,1,'SEAT','普通座位',1,1,1,0,'NORMAL','2026-05-25 23:40:41','2026-05-25 23:40:41'),(37,2,'B-13',3,1,1,'SEAT','普通座位',0,1,0,0,'NORMAL','2026-05-25 23:40:41','2026-05-25 23:40:41'),(38,2,'B-14',3,2,1,'SEAT','普通座位',1,0,0,0,'NORMAL','2026-05-25 23:40:41','2026-05-25 23:40:41'),(39,2,'B-15',3,3,1,'SEAT','普通座位',0,0,0,1,'NORMAL','2026-05-25 23:40:41','2026-05-25 23:40:41'),(40,2,'B-16',3,4,1,'SEAT','普通座位',1,0,0,0,'NORMAL','2026-05-25 23:40:41','2026-05-25 23:40:41'),(41,2,'B-17',3,5,1,'SEAT','普通座位',0,0,0,0,'NORMAL','2026-05-25 23:40:41','2026-05-25 23:40:41'),(42,2,'B-18',3,6,1,'SEAT','普通座位',1,1,0,0,'NORMAL','2026-05-25 23:40:41','2026-05-25 23:40:41'),(43,2,'B-19',4,1,1,'SEAT','普通座位',0,1,0,0,'NORMAL','2026-05-25 23:40:41','2026-05-25 23:40:41'),(44,2,'B-20',4,2,0,'NON_SEAT','过道',1,0,0,0,'DISABLED','2026-05-25 23:40:41','2026-05-25 23:40:41'),(45,2,'B-21',4,3,1,'SEAT','普通座位',0,0,0,1,'NORMAL','2026-05-25 23:40:41','2026-05-25 23:40:41'),(46,2,'B-22',4,4,1,'SEAT','普通座位',1,0,0,0,'NORMAL','2026-05-25 23:40:41','2026-05-25 23:40:41'),(47,2,'B-23',4,5,0,'NON_SEAT','过道',0,0,0,0,'DISABLED','2026-05-25 23:40:41','2026-05-25 23:40:41'),(48,2,'B-24',4,6,1,'SEAT','普通座位',1,1,0,0,'NORMAL','2026-05-25 23:40:41','2026-05-25 23:40:41'),(49,3,'C-01',1,1,1,'SEAT','普通座位',0,1,1,0,'NORMAL','2026-05-25 23:40:41','2026-05-25 23:40:41'),(50,3,'C-02',1,2,1,'SEAT','普通座位',1,0,1,0,'NORMAL','2026-05-25 23:40:41','2026-05-25 23:40:41'),(51,3,'C-03',1,3,1,'SEAT','普通座位',0,0,1,1,'NORMAL','2026-05-25 23:40:41','2026-05-25 23:40:41'),(52,3,'C-04',1,4,1,'SEAT','普通座位',1,0,1,0,'NORMAL','2026-05-25 23:40:41','2026-05-25 23:40:41'),(53,3,'C-05',1,5,1,'SEAT','普通座位',0,0,1,0,'NORMAL','2026-05-25 23:40:41','2026-05-25 23:40:41'),(54,3,'C-06',1,6,1,'SEAT','普通座位',1,1,1,0,'NORMAL','2026-05-25 23:40:41','2026-05-25 23:40:41'),(55,3,'C-07',2,1,1,'SEAT','普通座位',0,1,1,0,'NORMAL','2026-05-25 23:40:41','2026-05-25 23:40:41'),(56,3,'C-08',2,2,1,'SEAT','普通座位',1,0,1,0,'NORMAL','2026-05-25 23:40:41','2026-05-25 23:40:41'),(57,3,'C-09',2,3,1,'SEAT','普通座位',0,0,1,1,'NORMAL','2026-05-25 23:40:41','2026-05-25 23:40:41'),(58,3,'C-10',2,4,1,'SEAT','普通座位',1,0,1,0,'NORMAL','2026-05-25 23:40:41','2026-05-25 23:40:41'),(59,3,'C-11',2,5,1,'SEAT','普通座位',0,0,1,0,'NORMAL','2026-05-25 23:40:41','2026-05-25 23:40:41'),(60,3,'C-12',2,6,1,'SEAT','普通座位',1,1,1,0,'NORMAL','2026-05-25 23:40:41','2026-05-25 23:40:41'),(61,3,'C-13',3,1,1,'SEAT','普通座位',0,1,0,0,'NORMAL','2026-05-25 23:40:41','2026-05-25 23:40:41'),(62,3,'C-14',3,2,0,'NON_SEAT','过道',1,0,0,0,'DISABLED','2026-05-25 23:40:41','2026-05-25 23:40:41'),(63,3,'C-15',3,3,1,'SEAT','普通座位',0,0,0,1,'NORMAL','2026-05-25 23:40:41','2026-05-25 23:40:41'),(64,3,'C-16',3,4,1,'SEAT','普通座位',1,0,0,0,'NORMAL','2026-05-25 23:40:41','2026-05-25 23:40:41'),(65,3,'C-17',3,5,0,'NON_SEAT','过道',0,0,0,0,'DISABLED','2026-05-25 23:40:41','2026-05-25 23:40:41'),(66,3,'C-18',3,6,1,'SEAT','普通座位',1,1,0,0,'NORMAL','2026-05-25 23:40:41','2026-05-25 23:40:41'),(67,4,'N-01',1,1,1,'SEAT','普通座位',0,1,1,0,'NORMAL','2026-05-26 18:27:35','2026-05-26 18:27:35'),(68,4,'N-02',1,2,1,'SEAT','普通座位',1,0,1,0,'NORMAL','2026-05-26 18:27:35','2026-05-26 18:27:35'),(69,4,'N-03',1,3,1,'SEAT','普通座位',0,0,1,0,'NORMAL','2026-05-26 18:27:35','2026-05-26 18:27:35'),(70,4,'N-04',1,4,1,'SEAT','普通座位',1,0,1,0,'NORMAL','2026-05-26 18:27:35','2026-05-26 18:27:35'),(71,4,'N-05',1,5,1,'SEAT','普通座位',0,0,1,0,'NORMAL','2026-05-26 18:27:35','2026-05-26 18:27:35'),(72,4,'N-06',1,6,1,'SEAT','普通座位',1,1,1,0,'NORMAL','2026-05-26 18:27:35','2026-05-26 18:27:35'),(73,4,'N-07',2,1,1,'SEAT','普通座位',0,1,1,0,'NORMAL','2026-05-26 18:27:35','2026-05-26 18:27:35'),(74,4,'N-08',2,2,1,'SEAT','普通座位',1,0,1,0,'NORMAL','2026-05-26 18:27:35','2026-05-26 18:27:35'),(75,4,'N-09',2,3,1,'SEAT','普通座位',0,0,1,0,'NORMAL','2026-05-26 18:27:35','2026-05-26 18:27:35'),(76,4,'N-10',2,4,1,'SEAT','普通座位',1,0,1,0,'NORMAL','2026-05-26 18:27:35','2026-05-26 18:27:35'),(77,4,'N-11',2,5,1,'SEAT','普通座位',0,0,1,0,'NORMAL','2026-05-26 18:27:35','2026-05-26 18:27:35'),(78,4,'N-12',2,6,1,'SEAT','普通座位',1,1,1,0,'NORMAL','2026-05-26 18:27:35','2026-05-26 18:27:35'),(79,4,'N-13',3,1,1,'SEAT','普通座位',0,1,0,0,'NORMAL','2026-05-26 18:27:35','2026-05-26 18:27:35'),(80,4,'N-14',3,2,1,'SEAT','普通座位',1,0,0,0,'NORMAL','2026-05-26 18:27:35','2026-05-26 18:27:35'),(81,4,'N-15',3,3,1,'SEAT','普通座位',0,0,0,0,'NORMAL','2026-05-26 18:27:35','2026-05-26 18:27:35'),(82,4,'N-16',3,4,1,'SEAT','普通座位',1,0,0,0,'NORMAL','2026-05-26 18:27:35','2026-05-26 18:27:35'),(83,4,'N-17',3,5,1,'SEAT','普通座位',0,0,0,0,'NORMAL','2026-05-26 18:27:35','2026-05-26 18:27:35'),(84,4,'N-18',3,6,1,'SEAT','普通座位',1,1,0,0,'NORMAL','2026-05-26 18:27:35','2026-05-26 18:27:35'),(85,4,'N-19',4,1,1,'SEAT','普通座位',0,1,0,0,'NORMAL','2026-05-26 18:27:35','2026-05-26 18:27:35'),(86,4,'N-20',4,2,1,'SEAT','普通座位',1,0,0,0,'NORMAL','2026-05-26 18:27:35','2026-05-26 18:27:35'),(87,4,'N-21',4,3,1,'SEAT','普通座位',0,0,0,0,'NORMAL','2026-05-26 18:27:35','2026-05-26 18:27:35'),(88,4,'N-22',4,4,1,'SEAT','普通座位',1,0,0,0,'NORMAL','2026-05-26 18:27:35','2026-05-26 18:27:35'),(89,4,'N-23',4,5,1,'SEAT','普通座位',0,0,0,0,'NORMAL','2026-05-26 18:27:35','2026-05-26 18:27:35'),(90,4,'N-24',4,6,1,'SEAT','普通座位',1,1,0,0,'NORMAL','2026-05-26 18:27:35','2026-05-26 18:27:35');
/*!40000 ALTER TABLE `seat` ENABLE KEYS */;
UNLOCK TABLES;

--
-- Dumping data for table `student_profile`
--

LOCK TABLES `student_profile` WRITE;
/*!40000 ALTER TABLE `student_profile` DISABLE KEYS */;
INSERT INTO `student_profile` (`id`, `user_id`, `student_no`, `name`, `gender`, `college`, `major`, `grade`, `phone`, `email`, `material_url`, `audit_status`, `audit_remark`, `credit_score`, `created_at`, `updated_at`) VALUES (1,1,'202301010101','张三','男','计算机科学与技术学院','软件工程','2023级','13152940518','202301010101@campus.edu.cn','/uploads/material/demo.pdf','APPROVED','1',285,'2026-05-25 23:40:41','2026-05-26 20:24:07'),(2,2,'202301010102','李四','男','计算机科学与技术学院','软件工程','2023级','13152940518','202301010102@campus.edu.cn','/uploads/material/demo.pdf','APPROVED',NULL,320,'2026-05-25 23:40:41','2026-05-26 20:10:49'),(3,3,'202301010199','待审同学','男','计算机科学与技术学院','软件工程','2023级','13152940518','202301010199@campus.edu.cn','/uploads/material/demo.pdf','APPROVED','',300,'2026-05-25 23:40:41','2026-05-26 18:25:10'),(4,4,'202411111111','李隆基','男','计算机科学与技术学院','软件工程','2024级','11111111111','359149330@qq.com','/uploads/material/6fa1f642-f81c-4be8-afc0-7f3db832a311.png','REJECTED','测试',300,'2026-05-26 18:34:05','2026-05-26 18:34:54');
/*!40000 ALTER TABLE `student_profile` ENABLE KEYS */;
UNLOCK TABLES;

--
-- Dumping data for table `study_room`
--

LOCK TABLES `study_room` WRITE;
/*!40000 ALTER TABLE `study_room` DISABLE KEYS */;
INSERT INTO `study_room` (`id`, `room_code`, `name`, `location`, `floor`, `open_time`, `close_time`, `status`, `manager_id`, `row_count`, `col_count`, `cell_count`, `seat_count`, `facilities`, `layout_image_url`, `created_at`, `updated_at`) VALUES (1,'LIB-01-A','图书馆一楼A区','图书馆1楼东侧','1楼','07:00:00','22:30:00','OPEN',1,3,6,18,18,'空调,WiFi,饮水机,充电区','/uploads/layout/82fc309f-a68e-4f49-a040-d8808c780d1a.png','2026-05-25 23:40:41','2026-05-26 18:31:21'),(2,'LIB-02-B','图书馆二楼B区','图书馆2楼西侧','2楼','07:00:00','22:30:00','OPEN',1,4,6,24,24,'空调,WiFi,打印区','','2026-05-25 23:40:41','2026-05-26 18:27:54'),(3,'TEA-C201','教学楼C201','教学楼C栋2楼','2楼','08:00:00','21:00:00','MAINTAINING',2,3,6,18,16,'空调,WiFi,投影仪',NULL,'2026-05-25 23:40:41','2026-05-25 23:40:41'),(4,'1','1','1','1楼','07:00:00','22:30:00','OPEN',1,4,6,24,24,'空调,WiFi','1','2026-05-26 18:27:35','2026-05-26 18:27:43');
/*!40000 ALTER TABLE `study_room` ENABLE KEYS */;
UNLOCK TABLES;

--
-- Dumping data for table `temp_leave`
--

LOCK TABLES `temp_leave` WRITE;
/*!40000 ALTER TABLE `temp_leave` DISABLE KEYS */;
INSERT INTO `temp_leave` (`id`, `reservation_id`, `user_id`, `leave_time`, `return_time`, `leave_status`, `max_leave_minutes`, `created_at`) VALUES (1,8,1,'2026-05-26 19:14:39','2026-05-26 19:14:41','RETURNED',30,'2026-05-26 19:14:39');
/*!40000 ALTER TABLE `temp_leave` ENABLE KEYS */;
UNLOCK TABLES;

--
-- Dumping data for table `user_account`
--

LOCK TABLES `user_account` WRITE;
/*!40000 ALTER TABLE `user_account` DISABLE KEYS */;
INSERT INTO `user_account` (`id`, `username`, `password_hash`, `role`, `status`, `last_login_at`, `created_at`, `updated_at`) VALUES (1,'202301010101','$2a$10$wF2mIQW08cy.aMIWDhsk0O7UfC8aMGlMr4iAFx5OSeZxHgE1hxKCe','STUDENT','NORMAL','2026-05-26 20:29:33','2026-05-25 23:40:40','2026-05-26 20:29:33'),(2,'202301010102','$2a$10$wF2mIQW08cy.aMIWDhsk0O7UfC8aMGlMr4iAFx5OSeZxHgE1hxKCe','STUDENT','NORMAL','2026-05-26 18:09:34','2026-05-25 23:40:40','2026-05-26 20:10:49'),(3,'202301010199','$2a$10$wF2mIQW08cy.aMIWDhsk0O7UfC8aMGlMr4iAFx5OSeZxHgE1hxKCe','STUDENT','PENDING',NULL,'2026-05-25 23:40:40','2026-05-26 20:10:49'),(4,'202411111111','$2a$10$cxpcUDtzBJ1I7v7/eugNSeK.nqkxWJ6i7tnBGftIkSm.GmvUkeNHu','STUDENT','DISABLED',NULL,'2026-05-26 18:34:05','2026-05-26 18:34:54');
/*!40000 ALTER TABLE `user_account` ENABLE KEYS */;
UNLOCK TABLES;
/*!40103 SET TIME_ZONE=@OLD_TIME_ZONE */;

/*!40101 SET SQL_MODE=@OLD_SQL_MODE */;
/*!40014 SET FOREIGN_KEY_CHECKS=@OLD_FOREIGN_KEY_CHECKS */;
/*!40014 SET UNIQUE_CHECKS=@OLD_UNIQUE_CHECKS */;
/*!40101 SET CHARACTER_SET_CLIENT=@OLD_CHARACTER_SET_CLIENT */;
/*!40101 SET CHARACTER_SET_RESULTS=@OLD_CHARACTER_SET_RESULTS */;
/*!40101 SET COLLATION_CONNECTION=@OLD_COLLATION_CONNECTION */;
/*!40111 SET SQL_NOTES=@OLD_SQL_NOTES */;

-- Dump completed on 2026-05-26 20:46:11
